"initiales","festival","style_festival","date","horaire","lieu","ville","prix","genre","spectacle1","artiste1","style1","spectacle2","artiste2","style2","spectacle3","artiste3","style3","spectacle4","artiste4","style4","lien1","lien2","lien3","lien4"
"al",,,"Mercredi 1","19h","L'Espal",,"14 €","sv","Reverse","Cie BurnOut","danse","Wo-Man","Amala Dianor","danse",,,,,,,,,,
"al",,,"Jeudi 2","20h","Les Quinconces",,"14 €","sv","Le lench","Eva Doumbia","théâtre",,,,,,,,,,,,,
"al",,,"Jeudi 9","20h","Les Quinconces",,"6/14€","sv","Chamonix","Cie 26 000 couverts","comédie musicale",,,,,,,,,,,,,
"al",,,"Vendredi 10","20h","Les Quinconces",,"6/14€","sv","Chamonix","Cie 26 000 couverts","comédie musicale",,,,,,,,,,,,,
"al",,,"Mercredi 8","10h-18h","Mur plein champ Tessé",,"0 €","sv",,"Olivia De Bona","performance artistique",,,,,,,,,,,,,
"al",,,"Vendredi 10","18h30","Espace bis 18 rue St Martin",,"0 €","sv","Le rond point des notes en bulles",,"rencontre, débat avec musiciens et dessinateurs sur les relations entre BD et musique",,,,,,,,,,,,,
"tu",,,"Mardi 14","20h","Les Cinéastes",,"4 à 9 €","sv","La (très) grande évasion","Yannick Kergoat","Ciné-débat",,,,,,,,,,,,,
"tu",,,"Lundi 13","18h","Les Cinéastes",,"4 à 9 €","sv","Noir et blanc","Claire Devers","Ciné-rencontre",,,,,,,,,,,,,
"tu",,,"Samedi 4","20h","Les Cinéastes",,"4 à 9 €","sv","À demain mon amour","Basile Carré-Agostini","Ciné-échange avec Monique Pinçon-Charlot",,,,,,,,,,,,,
