"initiales","festival","style_festival","date","horaire","lieu","ville","prix","genre","spectacle","artiste1","style1","artiste2","style2","artiste3","style3","artiste4","style4","lien1","lien2","lien3","lien4"
"JLB",,,"Dimanche 16","17h30","Théâtre du Passeur",,"au chapeau","sv","Rendez-vous Contes",,"contes",,,,,,,,,,
"TU",,,"Dimanche 2","17h","Jardins de Bellegarde","Savigné-l'Évêque","5/8/10€","sv","L'Été des Charognes","Cie À Trois Branches","th.>12 ans",,,,,,,,,,
"BL",,,"Dimanche 2","17h","Les Jardins de Belle Garde","Savigné-l'Évêque","5/10€","sv","L'été des Charognes","A trois Branches","théâtre dès 12 ans",,,,,,,,,,
"JLB",,,"Dimanche 2","17h","Théâtre du Passeur",,"8 à 10€","sv","La Nostalgie des Blattes",,"théâtre",,,,,,,,,,
"ce",,,"Dimanche 30","17h","Blue Zinc",,"0€","sv","Bingo Drag Queen",,,,,,,,,,,,
"TU","LadyFest","Un festival #féminin & #féministe","Dimanche 9","20h","Chapêlmêle","Alençon","prix libre","sv","Concerts / spectacles / Ateliers / Expo",,,,,,,,,,,,
"TU",,,"Dimanche 9","16h30","Cité du cirque",,"4 à 8€","sv","YIN","Cie Monad","cirque tout public",,,,,,,"https://www.lemansfaitsoncirque.fr/spectacles/yin-2/",,,
"ce",,,"Dimanche 9","17h","La Passerelle","Connerré","0 à 5€","sv","Dédale","Cie Bissextile","danse à partir de 6 ans",,,,,,,,,,
"AT",,,"Dimanche 9","16h30","Le Courmesnil","Loué","0€ Résa: 02.43.39.99.99","sv","Blanche neige","I. Sebaha","conte dès 4 ans",,,,,,,"https://www.culturelbn.fr/saison-culturelle/09-0ct-blanche-neige/",,,
"zz",,,"Dimanche 9","17h","Le Val’Rhonne","Moncé-en-Belin","5€","sv","Rond-Rond","Cie Piment",,,,,,,,,,,
"TU","Dimanches des Petites Cités de Caractère",,"Dimanche 9","19h30","Médiathèque","Saint-Calais","0€","sv","Arrêts sur Images","Cie Jamais 203","Ciné-spectacle documentaire déambulatoire",,,,,,,"https://ciejamais203.com/spectacles/arrets-sur-images/",,,
"ce",,,"Jeudi 13","19h30","Blue Zinc",,"au chapeau","c",,"Set Comedy ",,"Hendrix Coffee","trio rock/blues/jazz",,,,,,,,
"TU",,,"Jeudi 13","20h30","Comédie Le Mans",,"20€","sv","10 ans de mariage","Alil Vardar","Comédie",,,,,,,,,,
"BL",,,"Jeudi 13","10h15 et 18h30","Espace culturel L'Orée du Bois","La Chapelle-Saint-Aubin","2/3€","sv","Boom","Entre eux deux Rives","spectacle jeune public",,,,,,,,,,
"JLB",,,"Jeudi 13","18h30","Eve scène universitaire",,"4 à 10€","sv","Qui a tué mon père","Et Alors ! ","théâtre",,,,,,,"etalors-compagnie.com",,,
"JLB",,,"Jeudi 13","14h","La Castélorienne","Montval-sur-Loir","7 à 13€","sv","El Botiniere","Association Al Badil","danse",,,,,,,,,,
"JLB","Reporté 2023",,"Jeudi 13","20h30","La Péniche","Allonnes",,"c",,"Mellano",,"Soyoc",,,,,,,,,
"TU","Teriaki",,"Jeudi 13","21h","Le Barouf",,"0€","c",,"SPELTERINI ","Transe Noise Kraut/Kythibong",,,,,,,,,,
"TU",,,"Jeudi 13","20h","Le Pilier Rouge",,"au chapeau","c",,"Dave Golitin","jamm session jazz impro",,,,,,,,,,
"TU",,,"Jeudi 13","20h","Les Quinconces - Petit Théâtre",,"9 à 24€","sv","Le Verso des Images - une histoire de Louis Braille","Atelier Hors Champ",,,,,,,,"https://www.quinconces-espal.com/la-saison/le-verso-des-images",,,
"ce",,,"Jeudi 20","19h30","Blue Zinc",,"au chapeau","c",,"Apéro Brassens","ch. Brassens",,,,,,,,,,
"TU",,,"Jeudi 20","21h","Brasserie Septante Deux",,"prix libre","c",,"Teeth","garage kraut pop",,,,,,,"https://www.facebook.com/teeth33/","https://www.youtube.com/watch?v=9DYiJhDRa8g",,
"TU",,,"Jeudi 20","20h30","Comédie Le Mans",,"tnc","sv","Adopte un Jules.com","E. Valentin & A. Gaston","Comédie",,,,,,,,,,
"JLB",,,"Jeudi 20","20h30","La Castélorienne","Montval-sur-Loir","12 à 26€","c",,"Josef Josef","musique Yddish",,,,,,,,,,
"TU",,,"Jeudi 20","21h","Le Barouf",,"0€","c",,"Steak","trio folk expérimental/Capsul Collectif",,,,,,,,,,
"TU",,,"Jeudi 20","20h30","Le Lézard",,"prix libre","c",,"Brötchen Des Todes","noise psyché/Camaret","Santamore","free rock",,,,,"http://brotchendestodes.ouvaton.org/","https://brotchendestodes.bandcamp.com/?from=search&search_item_id=1081004703&search_item_type=b&search_match_part=%3F&search_page_id=2192926076&search_page_no=0&search_rank=1&logged_in_menubar=true",,
"TU",,,"Jeudi 20","20h","Le Pilier Rouge",,"au chapeau","c",,"Super Pocket","love machine de poche",,,,,,,,,,
"JLB",,,"Jeudi 20","20h30","Les Saulnières ",,"10 à 14€","c",,"Structures","Pop Rock","Johnny Mafia",,,,,,,,,
"BL",,,"Jeudi 20","20H30","Salle Coppélia","La Flèche","7 à 15€","sv","Je ne suis plus inquiet","Scali Delpeyrat",,,,,,,,,,,
"ce",,,"Jeudi 27","19h","Blue Zinc",,"0€","c",,"Apéro des voisins + Open mic/instruments","scène ouverte",,,,,,,,,,
"TU",,,"Jeudi 27","20h","Le Pilier Rouge",,"au chapeau","c",,"Burger Airport","jazz electro fusion",,,,,,,,,,
"JLB",,,"Jeudi 27","10h30 et 17h","Théâtre du Passeur",,"5€","sv","Rendez-vous Contes","Imène Sebaha","contes jusqu'à 3 ans",,,,,,,,,,
"ce","Apéro concert",,"Jeudi 6","19h30","Blue Zinc",,"au chapeau","c",,"Azuryte","folk/pop","Séssion mus Irlandaise",,,,,,,,,
"TU",,,"Jeudi 6","20h30","Comédie Le Mans",,"20€","sv","10 ans de mariage","Alil Vardar","Comédie",,,,,,,,,,
"JLB",,,"Jeudi 6","20h30","La Castélorienne","Montval-sur-Loir","12 à 26€","sv","La dernière lettre","Atelier Théâtre Actuel","théâtre",,,,,,,,,,
"TU",,,"Jeudi 6","21h","Le Barouf",,"0€","c",,"Locomo","solar groove/électro funk",,,,,,,,,,
"zz",,,"Jeudi 6","19h30","Le Local a Bières","Arnage","0€","c",,"Rowéna","Chansons françaises & internationales revisitées",,,,,,,,,,
"TU","Les Jeudis de Panurge",,"Jeudi 6","hnc","Le Rabelais","Changé","tnc","c",,"Troisième Dessous","rock",,,,,,,"https://youtu.be/fe8TVxn0iS0","https://troisiemedessous.bandcamp.com/music",,
"TU","Masterclass de Thierry Jousse","Retrospective Ennio Morricone","Jeudi 6","20h30","Les Cineatses",,"tnc","sv","Les Moissons du ciel","Terrence Malick",,,,,,,,"https://www.facebook.com/events/5527813070627669/?ref=newsfeed",,,
"BL",,,"Jeudi 6","20h30","Salle Coppélia","La Flèche","7 à 15€","sv","Le Bonheur des Uns","Th. du Fracas","th.",,,,,,,,,,
"JLB",,,"Lundi 24","10h30 et 17h","Théâtre du Passeur",,"5€","sv","Rendez-vous Contes","Rozenn Bodin","contes jusqu'à 3 ans",,,,,,,,,,
"ce",,,"Lundi 31","21h","Blue Zinc",,"au chapeau","c",,"Blue Dog night",,,,,,,,,,,
"BL",,,"Lundi 31","10h45 et 16h","Espace culturel Scélia","Sargé-lès-le-Mans","5/7€","sv","Racines","Cie Théâtre Bascule","dès 4 ans en famille",,,,,,,,,,
"ce",,,"Mardi 11","19h30","Blue Zinc",,"0€","c",,"Apérorock",,,,,,,,,,,
"TU",,,"Mardi 11","20h30","Comédie Le Mans",,"20€","sv","10 ans de mariage","Alil Vardar","Comédie",,,,,,,,,,
"TU",,,"Mardi 11","20h30","Le Lézard",,"prix libre","c",,"Octopoulpe","one man band punk/noise/Mexico","Le Crabe","Dirty acide tech",,,,,"https://www.youtube.com/watch?v=leI9NYe2Kk4","https://octopoulpe.bandcamp.com/album/kichompr","https://lecrabe.bandcamp.com/","https://www.youtube.com/watch?v=rs9XAq7bu2k"
"JLB",,,"Mardi 11","18h30","Le Rabelais","Changé","6 à 10€","sv","Boom","Cie entre deux rives","théatre d'objets",,,,,,,,,,
"TU",,,"Mardi 11","20h","Les Quinconces - Petit Théâtre",,"9 à 24€","sv","Le Verso des Images - une histoire de Louis Braille","Atelier Hors Champ",,,,,,,,"https://www.quinconces-espal.com/la-saison/le-verso-des-images",,,
"ce",,,"Mardi 18","20h","Blue Zinc",,"au chapeau","c",,"Old Seed",,,,,,,,,,,
"TU",,,"Mardi 18","20h30","Comédie Le Mans",,"tnc","sv","Adopte un Jules.com","E. Valentin & A. Gaston","Comédie",,,,,,,,,,
"TU","Complet",,"Mardi 18","20h30","L’Éolienne","Arnage","4/6€","sv","Ouatou","Not compagnie","Spectacle poétique > 1 an",,,,,,,"https://notcompagnie.com/spectacles/ouatou/?fbclid=IwAR1kGpz3Btx9lgGEZHacCvxyBf6aOavr1NmtHLISdvw4f2iqXP0ld-1qe1U",,,
"ce",,,"Mardi 25","21h","Blue Zinc",,"0€","c",,"Open mic/instruments","scène ouverte",,,,,,,,,,
"JLB",,,"Mardi 25","15h30","Centre Culturel Athéna","La Ferté-Bernard","5€","sv","La Maison en Petit Cube","Cie Spectabilis","théâtre d'objet/ Marionnettes des 6 ans",,,,,,,,,,
"JLB",,,"Mardi 25","10h30 et 17h","Théâtre du Passeur",,"5€","sv","Rendez-vous Contes","Yannick Lefeuvre","contes jusqu'à 3 ans",,,,,,,,,,
"CE",,,"Mardi 4","19h","Blue Zinc",,"0€","c",,"Apéro swing jazz",,"Open mic/instruments","scène ouverte",,,,,,,,
"TU",,,"Mardi 4","20h30","Comédie Le Mans",,"20€","sv","10 ans de mariage","Alil Vardar","Comédie",,,,,,,,,,
"TU","Ciné-débat",,"Mardi 4","20h","Les Cinéastes",,"tnc","sv","La Fabrique des Pandémies","Marie-Monique Robin",,,,,,,,"https://www.les-cineastes.fr/evenements/cine-debat-la-fabrique-des-pandemies/",,,
"zz","Soirée cabaret 70",,"Mercredi 12","20h30","Bistro broc café","Changé","au chapeau","c",,"Row Anna duo","chansons",,,,,,,,,,
"TU",,,"Mercredi 12","20h30","Comédie Le Mans",,"20€","sv","10 ans de mariage","Alil Vardar","Comédie",,,,,,,,,,
"JLB",,,"Mercredi 12","20h30","Eve scène universitaire",,"4 à 10€","sv","Qui a tué mon père","Et Alors ! ","théâtre",,,,,,,"etalors-compagnie.com",,,
"TU",,,"Mercredi 12","19h","Les Quinconces - Petit Théâtre",,"9 à 24€","sv","Le Verso des Images - une histoire de Louis Braille","Atelier Hors Champ",,,,,,,,"https://www.quinconces-espal.com/la-saison/le-verso-des-images",,,
"ce",,,"Mercredi 19","21h","Blue Zinc",,"0€","c",,"Open mic/instruments","scène ouverte",,,,,,,,,,
"TU",,,"Mercredi 19","20h30","Comédie Le Mans",,"tnc","sv","Adopte un Jules.com","E. Valentin & A. Gaston","Comédie",,,,,,,,,,
"ce",,,"Mercredi 26","19h30","Blue Zinc",,"0€","c",,"Apéro chansons",,,,,,,,,,,
"BL",,,"Mercredi 26","17h30","Espace culturel Scélia","Sargé-lès-le-Mans","5/7€","sv","Stella Maris","Digital Samovar",,,,,,,,,,,
"JLB","festival jazz Tempo",,"Mercredi 26","20h30","Eve scène universitaire",,"4 à 10€","c",,"KLAPP","jazz cinematographique","Go to the Dogs et Dudu Kouaté","Jazz",,,,,,,,
"BL",,,"Mercredi 26","15h","L’Entracte","Sablé-sur-Sarthe","8/10/13€","sv","Casse-Tête","Théâtre Bascule","jonglage",,,,,,,,,,
"AT",,,"Mercredi 26","15h","La Longère","Coulans-sur-Gée","4/7€ Résa: 02.72.88.00.37","sv","La mécanique du Petit Pierre","Cie Moulin en Herbe","spec. dès 6 ans",,,,,,,"https://www.culturelbn.fr/saison-culturelle/26-oct-la-mecanique-du-petit-pierre/",,,
"TU",,,"Mercredi 26","19h30","Le 108",,"0€","c",,"Blues Spirit","jam session",,,,,,,,,,
"JLB",,,"Mercredi 26","10h30 et 17h","Théâtre du Passeur",,"5€","sv","Rendez-vous Contes","Marie strehaiano","contes jusqu'à 3 ans",,,,,,,,,,
"zz","Soirée Cabaret",,"Mercredi 5","20h30","Bistro Broc Café","Changé","au chapeau","c",,"Olivia Deschamps",,,,,,,,,,,
"ce",,,"Mercredi 5","20h","Blue Zinc",,"0€","c",,"Boeuf Bal Folk",,,,,,,,,,,
"TU",,,"Mercredi 5","18h30","Brasserie Septante Deux",,"0€","sv","Circuits courts et sobriété dans la musique, on en parle ?","𝗟𝗼𝗹𝗮 𝗕𝗮𝗶̈, Eric Mielcarek, 𝗟𝗮𝗸𝘂𝗻 𝗞𝗮𝘆𝗿𝗶, 𝗡𝗶𝗰𝗼𝗹𝗮𝘀 𝗙𝗼𝘂𝗿𝗻𝗶𝗲𝗿","rencontre échanges",,,,,,,"https://www.facebook.com/events/1401123860398066",,,
"JLB",,,"Mercredi 5","20h","Centre Culturel Athéna","La Ferté-Bernard","8 à 17€","sv","Le discours",,"théâtre",,,,,,,,,,
"TU",,,"Mercredi 5","20h30","Comédie Le Mans",,"20€","sv","10 ans de mariage","Alil Vardar","Comédie",,,,,,,,,,
"JLB","complet",,"Mercredi 5","20h30","La Péniche","Allonnes",,"c",,"Marie-Fore","Folk","Roseland",,,,,,,,,
"TU",,,"Mercredi 5","20h30","Le Lézard",,"prix libre","c",,"Balboa to Bilbao","Noise 90's","Teenage Bed","folk",,,,,"https://www.youtube.com/watch?v=yifqf0eVR6Q","https://www.facebook.com/balboatobilbao/","https://www.youtube.com/watch?v=6K5rvwTmhes","https://www.facebook.com/teenagebed"
"TU",,,"Mercredi 5","21h","Le Zoo",,"au chapeau","c",,"Jam St Co Musicos","jam session",,,,,,,,,,
"zz",,,"Samedi 1","20h30","Bistro Broc Café","Changé","au chapeau","c",,"Djazarad-Rita","Jazz swing/funk/pop rock",,,,,,,,,,
"CE",,,"Samedi 1","hnc","Blue Zinc",,"0€","c",,"Open platine","scène ouverte",,,,,,,,,,
"TU",,,"Samedi 1","18h","Comédie Le Mans",,"20€","sv","Les hommes sont des femmes comme les autres","Manuel Montero","Comédie",,,,,,,,,,
"TU",,,"Samedi 1","20h30","Comédie Le Mans",,"25€","sv","Titoff",,"Humour",,,,,,,,,,
"zz",,,"Samedi 1","20h30","L’Éolienne","Arnage","10 à 20€","sv","Le dindon","Cie Viva","théatre",,,,,,,,,,
"TU","La fièvre du samedi matin",,"Samedi 1","11h","La Fonderie",,"prix libre","sv","À la découverte de Genarín","Ensemble Offrandes","opéra",,,,,,,"https://www.ensembleoffrandes.com/index.html",,,
"TU","Carte Blanche aux Ambassadeurs.ices",,"Samedi 1","16h","Les Cinéastes",,"6.5€","sv","Edward aux mains d'argent","Tim Burton",,,,,,,,"https://www.les-cineastes.fr/evenements/carte-blanche-aux-ambassadeur-ices-edward-aux-mains-dargent/",,,
"JLB","Festival Folkiri",,"Samedi 1","20h30","Les Saulnières ",,"9 à 15€","c",,"ADAR","Pop Rock","21 BOUTONS",,"BARGAINATT",,,,,,,
"JLB",,,"Samedi 1","18h30","Théâtre du Passeur",,"8 à 10€","sv","La Nostalgie des Blattes",,"théâtre",,,,,,,,,,
"zz",,,"Samedi 15","20h30","Bistro Broc Café","Changé","au chapeau","c",,"Sweet Cover","Chansons",,,,,,,,,,
"ce",,,"Samedi 15","21h","Blue Zinc",,"au chapeau","c",,"Zordonn",,"Set hip hop",,,,,,,,,
"TU","La soirée Karaoké",,"Samedi 15","21h","Brasserie Septante Deux",,"prix libre","c",,"Amitié Chanson Prod","ouvert à tous",,,,,,,,,,
"AT",,,"Samedi 15","18H30","Cirque Mimulus","Fresnay-sur-Sarthe","5/8€ apéro offert","sv","Gustave, jongleur à 2 balles","Cie La Rue Till","Jonglerie théâtrale",,,,,,,"https://www.mimulus.fr/evenements",,,
"TU",,,"Samedi 15","20h30","Comédie Le Mans",,"tnc","sv","Adopte un Jules.com","E. Valentin & A. Gaston","Comédie",,,,,,,,,,
"TU",,,"Samedi 15","22h22","Gare TGV","Sablé-sur-Sarthe","2.000.000€","sv","Rends l'argent","F. FIllon","drame fiscal",,,,,,,,,,
"TU","Color Riso Crew",,"Samedi 15","13h","Hangar Créalab",,"0€","sv","expo/vente d’impression en risographie","collectif éticc",,,,,,,,,,,
"AT",,,"Samedi 15","20h30","L'Envol ","La Bazoge","7/15€","c",,"LES GLAM'S & MISTER Ô","jazz",,,,,,,,,,
"ce",,,"Samedi 15","19h","L'ÎlotCo",,,"sv","Festival d'Automne",,"concert et banquet",,,,,,,,,,
"TU","Ciné-échange",,"Samedi 15","20h","Les Cinéastes",,"tnc","sv","Une époque sans esprit","Roland Gari",,,,,,,,"https://www.les-cineastes.fr/evenements/cine-echange-en-attendant-la-fete-un-reveillon-en-psychiatrie/",,,
"TU","Journées Nationales d'Architecture",,"Samedi 15","18h","Moulin du Blaireau","Piacé","0€","c",,"Sophie Agnel","chordophone",,,,,,,"https://vimeo.com/523385389",,,
"TU",,,"Samedi 15","18h","Place de l'Eglise","Montfort-le-Gesnois","0€","c",,"Daisiesfields","pop nomade",,,,,,,"https://www.daisiesfields.fr/","https://www.youtube.com/watch?v=n7i-Y_MrUV4",,
"TU",,,"Samedi 15","20h30","Place de l'Eglise","Montfort-le-Gesnois","0€","sv","Arrêts sur Images","Cie Jamais 203","Ciné-spectacle documentaire déambulatoire",,,,,,,"https://ciejamais203.com/spectacles/arrets-sur-images/",,,
"TU","24H Piano #6 ""Vers L'extase""",,"Samedi 22","15h","Beaux-Arts",,"12 à 24€","c",,"Pianoctambule",,,,,,,,,,,
"zz",,,"Samedi 22","20h30","Bistro Broc Café","Changé","au chapeau","c",,"Music'All & Cie","Balades anglaises & années 80 à aujourd'hui",,,,,,,,,,
"ce",,,"Samedi 22","21h à 01h","Blue Zinc",,"0€","c",,"Back to 90-2000's",,,,,,,,,,,
"TU",,,"Samedi 22","20h30","Comédie Le Mans",,"tnc","sv","Adopte un Jules.com","E. Valentin & A. Gaston","Comédie",,,,,,,,,,
"zz",,,"Samedi 22","20h","Le Val’Rhonne","Moncé-en-Belin","20€","c",,"Soirée lindy hop et concert avec le Jazz Band ""Revenant Juke""","danse et concert",,,,,,,,,,
"zz",,,"Samedi 22","16h","Salle G. Brassens","Yvré-l'Évêque","3,5 à 5€","sv","Mioba","Cie Fais pas ci fais pas ça","spectacle tout public",,,,,,,,,,
"zz",,,"Samedi 29","20h30","Bistro Broc Café","Changé","au chapeau","c",,"Olivia Deschamps","Chansons françaises revisitées",,,,,,,,,,
"ce",,,"Samedi 29","21h","Blue Zinc",,"au chapeau","c",,"DJ Prosper","Disco funk déjanté",,,,,,,,,,
"TU","Garage 5",,"Samedi 29","20h30","Le Lézard",,"prix libre","c",,"Modern Men","Punk/Industrial Pop","Guest",,,,,,"https://sozalabel.bandcamp.com/album/modern-men-eaux-saines-split",,,
"zz",,,"Samedi 29","15h","Le Val’Rhonne","Moncé-en-Belin","0€","c",,"Les Zelectrons Frits","Concert jeune public",,,,,,,,,,
"zz",,,"Samedi 8","20h30","Bistro Broc Café","Changé","au chapeau","c",,"Sister ann","Chanson pop rock",,,,,,,,,,
"ce","Disco Zinc",,"Samedi 8","21h","Blue Zinc",,"au chapeau","c",,"Clément DMT + Bunzen","disco/house",,,,,,,,,,
"TU",,,"Samedi 8","21h","Brasserie Septante Deux",,"prix libre","c",,"Nor Belgraad","Post-punk/Paris",,,,,,,"https://www.youtube.com/watch?v=pKT3aFEBX2U","https://www.facebook.com/norbelgraad/",,
"TU","LadyFest","Un festival #féminin & #féministe","Samedi 8","20h","Chapêlmêle","Alençon","prix libre","sv","Concerts / spectacles / Ateliers / Expo",,,,,,,,,,,,
"TU",,,"Samedi 8","20h30","Cité du cirque",,"4 à 8€","sv","YIN","Cie Monad","cirque tout public",,,,,,,"https://www.lemansfaitsoncirque.fr/spectacles/yin-2/",,,
"TU",,,"Samedi 8","20h30","Comédie Le Mans",,"20€","sv","10 ans de mariage","Alil Vardar","Comédie",,,,,,,,,,
"TU",,,"Samedi 8","21h","Le Zoo",,"au chapeau","c",,"Albahaca",,,,,,,,,,,
"TU",,,"Samedi 8","20h","Les moulins de Paillard","Poncé-sur-le-Loir","0€","sv","Transublimation","Ensemble Offrandes","classique",,,,,,,,,,
"JLB",,,"Samedi 8","17h","Théâtre du Passeur",,"8 à 10€","sv","Polaroïd",,"théâtre",,,,,,,,,,
"TU",,,"Samedi 8","14h30 et 18h","Théâtre Paul Scarron",,"0€","sv","Les enfants du Scarron","NBA Spectacle","conférence théâtralisée > 10ans",,,,,,,,,,
"zz",,,"Vendredi 14","20h30","Bistro Broc Café","Changé","au chapeau","c",,"Marie & Balthazar","Chansons françaises revisitées",,,,,,,,,,
"ce",,,"Vendredi 14","21h","Blue Zinc",,"au chapeau","c",,"Mardi Gras",,,,,,,,,,,
"JLB",,,"Vendredi 14","20h","Centre Culturel Athéna","La Ferté-Bernard","8 à 17€","c",,"Electro Deluxe","jazz soul funk",,,,,,,,,,
"TU",,,"Vendredi 14","21h","Chez Marcelle",,"0€","c",,"collectif Racyne","électro/house/techno",,,,,,,,,,
"TU",,,"Vendredi 14","20h30","Comédie Le Mans",,"t.n.c","sv","Adopte un Jules.com","E. Valentin & A. Gaston","Comédie",,,,,,,,,,
"JLB",,,"Vendredi 14","20h","Espace du Narais","Saint-Mars-la-Brière","0€","sv","L'arbre et le changement climatique",,"Conférence",,,,,,,,,,
"JLB",,,"Vendredi 14","18h30","Eve scène universitaire",,"4 à 10€","sv","Qui a tué mon père","Et Alors ! ","théâtre",,,,,,,"etalors-compagnie.com",,,
"TU",,,"Vendredi 14","20h30","L'Austral",,"prix libre","c",,"Poppy Club","synthé pop",,,,,,,"https://www.facebook.com/profile.php?id=100063996637205",,,
"BL",,,"Vendredi 14","20h30","L'Entracte","Sablé-sur-Sarthe","8/10/13€","sv","La Mécanique du hasard","Centre dramatique national itinérant","th.",,,,,,,,,,
"zz",,,"Vendredi 14","18h","L’Alambik MJC Ronceray",,"4 à 6€","sv","Younna concert","Cie Tiksi","rêverie électronique tout public",,,,,,,,,,
"TU",,,"Vendredi 14","20h30","L’Éolienne","Arnage","12 à 25€","sv","Les Virtuoses",,"Spectacle musical et magique",,,,,,,"https://www.lesvirtuoses.com/?fbclid=IwAR14K5uKUqfXF1L0zeBV-WGGBvRf0ePutd5kyVT9JEs_NslJCi4c93jAqqs",,,
"JLB",,,"Vendredi 14","20h30","La Castélorienne","Montval-sur-Loir","7 à 13€","sv","El Botiniere","Association Al Badil","danse",,,,,,,,,,
"TU",,,"Vendredi 14","21h30","le Café de la Gare","Chenu","au chapeau","c",,"Cannon Folder",,,,,,,,"https://www.facebook.com/CannonFodderLeMans/",,,
"TU",,,"Vendredi 14","20h30","Le Lézard",,"prix libre","c",,"Cryogenical excision","death","The Lump","death",,,,,"https://www.facebook.com/CryogenicalExcision/","https://thelump.bandcamp.com/",,
"TU",,,"Vendredi 14","20h","Le Pilier Rouge",,"prix libre","c",,"Glück","House/Jungle/Drum'n'bass/Sousa/drums/saxs",,,,,,,"https://gluck.bandcamp.com/",,,
"TU",,,"Vendredi 14","21h","Le Zoo",,"au chapeau","c",,"Azuryte","folk/pop",,,,,,,,,,
"JLB",,,"Vendredi 14","20h30","Les Saulnières ",,"19 à 25€","c",,"Thomas FERSEN","chanson","TAB","pop",,,,,"https://www.youtube.com/watch?v=ylRXECVG2dw&fbclid=IwAR2u9Nx7v5ktIdmQip1Q5q6AaKleNVioeGy178TlxXIA5Pn07IlwC_Cftyo","https://www.youtube.com/watch?v=syKvJomqlpM",,
"BL",,,"Vendredi 14","20h30","Salle Coppélia","La Flèche","7 à 15€","sv","Palianytsia","Cie Zalataï","cirque/musique",,,,,,,,,,
"TU","Tour de chauffe des 24H Piano",,"Vendredi 14","20h30","Théâtre Paul Scarron",,"5/10€","sv","Scriabine, poète du Feu et de l'Extase","G Fournier & M Shilova","Th. musical & vidéo",,,,,,,,,,
"zz",,,"Vendredi 21","20h30","Bistro Broc Café","Changé","au chapeau","c",,"Hot Jazz Swingers","Trio jazz",,,,,,,,,,
"ce",,,"Vendredi 21","21h","Blue Zinc",,"au chapeau","c",,"MUE",,,,,,,,,,,
"TU",,,"Vendredi 21","20h30","Comédie Le Mans",,"tnc","sv","Adopte un Jules.com","E. Valentin & A. Gaston","Comédie",,,,,,,,,,
"JLB",,,"Vendredi 21","14h30 et 20h30","Eve scène universitaire",,"4 à 10€","sv","Emile et Angèle","T'Atrium","théâtre",,,,,,,,,,
"BL",,,"Vendredi 21","20h30","L'Entracte","Sablé-sur-Sarthe","8/10/13€","sv","Voyage au bout de l'Ennui","Cie Lamento","danse",,,,,,,,,,
"TU",,,"Vendredi 21","19h30","L'Olivier",,"0€","c",,"Dock West","rock",,,,,,,,,,
"JLB","Release Party",,"Vendredi 21","20h30","L’Alambik MJC Ronceray",,"6 à 12€","c",,"Denis Péan en solo","folk",,,,,,,,,,
"ce",,,"Vendredi 21","20h30","La Passerelle","Connerré","0€","sv","Contes de monstres","Cie Troll ","sp. fam",,,,,,,,,,
"JLB",,,"Vendredi 21","20h30","Le Rabelais","Changé","5€","sv","Dans la roue du petit Prince","Yannick Bllard","film voyage",,,,,,,,,,
"TU","Concert Anniversaire 10 ans",,"Vendredi 21","21h","Le Val de Vray","Saint-Saturnin","tnc","c",,"Pas le vendredi","rock",,,,,,,,,,
"TU",,,"Vendredi 21","21h","Le Zoo",,"au chapeau","c",,"Sixteen tons","rock blues",,,,,,,,,,
"TU",,,"Vendredi 21","18h","Théâtre Paul Scarron",,"0€","sv","Crusoé, l'aventure étrange et surprenante","Cie Les loups à poche","th. > 8 ans",,,,,,,,,,
"zz",,,"Vendredi 28","20h30","Bistro Broc Café","Changé","au chapeau","c",,"Sham'Rock Blues","Blue's rock",,,,,,,,,,
"ce",,,"Vendredi 28","21h","Blue Zinc",,"au chapeau","c",,"Stolen","pop/rock",,,,,,,,,,
"BL",,,"Vendredi 28","16h30","Espace culturel Scélia","Sargé-lès-le-Mans","2€","sv","Ciné goûter","Folimages",,,,,,,,,,,
"TU",,,"Vendredi 28","21h","Le Zoo",,"au chapeau","c",,"Azuryte","folk/pop",,,,,,,,,,
"JLB",,,"Vendredi 28","10h30 et 17h","Théâtre du Passeur",,"5€","sv","Rendez-vous Contes","Anne So Desgaches","contes jusqu'à 3 ans",,,,,,,,,,
"BL",,,"Vendredi 28","19h","Théâtre Épidaure","Bouloire","0€","sv","Ofnibus","Cie Jamais 203","Objets filmiques non inventoriés",,,,,,,,,,
"zz",,,"Vendredi 7","20h30","Bistro Broc Café","Changé","au chapeau","c",,"Joëlle Carmona","Jazz bossa",,,,,,,,,,
"ce",,,"Vendredi 7","21h","Blue Zinc",,"5€ sur resa.","c",,"Jean-Pierre Derouard","Hommage à Elvis Presley, rock n' swing 4tet",,,,,,,,,,
"TU",,,"Vendredi 7","14h","Cité du cirque",,"4 à 8€","sv","YIN","Cie Monad","cirque tout public",,,,,,,"https://www.lemansfaitsoncirque.fr/spectacles/yin-2/",,,
"TU",,,"Vendredi 7","20h30","Comédie Le Mans",,"20€","sv","10 ans de mariage","Alil Vardar","Comédie",,,,,,,,,,
"BL",,,"Vendredi 7","20h30","Espace culturel Scélia","Sargé-lès-le-Mans","10/13€","c",,"Sylvain Giro et le chant de la griffe","Polyphonies françaises",,,,,,,,,,
"zz",,,"Vendredi 7","20h30","L'Echappée","Champagné","0 à 10€","sv","Mon colocataire est une garce",,"spectacle/humour",,,,,,,,,,
"BL",,,"Vendredi 7","20h30","L’Entracte","Sablé-sur-Sarthe","20/27€","c",,"Coeur de Pirate","ch.fr.",,,,,,,,,,
"TU",,,"Vendredi 7","20h30","L’Éolienne","Arnage","7 à 14€","sv","Demande à la poussière","Cie Wales","th.",,,,,,,"https://www.facebook.com/events/4160902117338639",,,
"TU","La Fourche à Tigre",,"Vendredi 7","21h","Le Barouf",,"0€","c",,"Allein in der badewanne","Post-punk","ANILAN","dj set",,,,,"https://www.facebook.com/events/5594208573980382/","https://alleininderbadewanne.bandcamp.com/?fbclid=IwAR1ll1eJ40bE06wAdRln4lYDVZwkDFb8TgkqJtmR6YFHfWfJ2odIdD8bBWA","https://soundcloud.com/anilan-r?fbclid=IwAR2Y7hH0JRgk-QSXAAwLgrZBeVXt5eopiaMir8f5DEXhKRYot2w8T-y01Ik",
"zz",,,"Vendredi 7","19h à 22h","Le Val’Rhonne","Moncé-en-Belin","0€","c",,"Vernis Rouge"" & ""Santiago Quintans""","Apéro concert",,,,,,,,,,
"TU",,,"Vendredi 7","21h","Le Zoo",,"au chapeau","c",,"Paul & Didier","rock blues",,,,,,,,,,
"TU","Ciné-échange",,"Vendredi 7","20h","Les Cinéastes",,"tnc","sv","En attendant la fête, un réveillon en psychiatrie","JR Romero & F Constant","Dans le cadre de la mise en vente de la clinique de la Chesnaie",,,,,,,"https://www.les-cineastes.fr/evenements/cine-echange-en-attendant-la-fete-un-reveillon-en-psychiatrie/",,,
"zz",,,"Vendredi 7","20h30","Salle G. Brassens","Yvré-l'Évêque","3.5 à 5€","sv","Puisqu'on a toujours fait comme ça","Cie Grand Maximum","théatre",,,,,,,,,,
"JLB",,,"Vendredi 7","18h30","Théâtre du Passeur",,"8 à 10€","sv","Polaroïd",,"théâtre",,,,,,,,,,
